giovedi,giovediora,lunedi,lunediora,luogo,martedi,martediora,mercoledi,mercolediora,nome,sabato,sabatoora,venerdi,venerdiora
,,,,"
          Lago Store —
          Via Galileo Galilei 14,  Milano
        ",,,,,"
            LAGO SUPERSALONE 2021@LAGO STORE MILANO PORTA NUOVA         ",,,,
,,,,"
          Epipla —
          Via Sant'Antonio, 2,  Milano
        ",,,,,"
            HAPPY TRAILS by Bret Roberts         ",,,,
,,,,"
          Londonart —
          Piazza San Marco 4, Milano,  Milano
        ",,,,,"
            Collezione 21         ",,,,
,,,,"
          MANERBA —
          Piazza S. Simpliciano, Milano,  Milano
        ",,,,,"
            MANERBA - Wherever you Feel          ",,,,
,,,,"
          Piazza Fontana —
           Milano
        ",,,,,"
            Antolini MilanoDuomo Stoneroom New Opening         ",,,,
,,,,"
          Delvis —
          Via Minghetti, Milano,  Milano
        ",,,,,"
            Delvis_The Art of Italian Living         ",,,,
,,,,"
          ETEL Showroom Milano —
          Via Maroncelli 13, Milano,  Milano
        ",,,,,"
            Colori         ",,,,
,,,,"
          Sforzin Illuminazione —
          Via Gastone Pisoni 6, Milano,  Milano
        ",,,,,"
            Sforzin Illuminazione         ",,,,
,,,,"
          Gonzaga 7 —
          via Gonzaga 7,  Milano
        ",,,,,"
            MULTISENSORIAL LANDSCAPES - Design For The Senses         ",,,,
,,,,"
          Spazio CB32 —
          Via Cesare Balbo, 32,  Milano
        ",,,,,"
            RICK OWENS DIALOG WITH EMERGING ITALIAN DESIGNERS         ",,,,
,,,,"
          IL SALOTTO DI MILANO —
          CORSO VENEZIA, 7,  Milano
        ",,,,,"
            Luxury Green Experience Simone Guidarelli x Officinarkitettura®         ",,,,
